CM,Fname,Lname,Tell
944349561,ابراهيم,آتسا,9159322421
948526371,ابوالفضل,آتاناز,9158293919
946056959,احسان,آتا,9155166814
944951273,احمد,آبنوش,9151690550
949758257,احمدرضا,آبنوس,9157979599
948661403,اسرا,آبناز,9151551057
942637460,اسما,آبگين,9153557588
945740723,اسماء,آبگل,9159108327
942895073,اشكان,آبشار,9152303902
948975855,النا,آبتين,9151467506
945562163,الناز,ايوب,9151541946
943363030,الهام,ايناز,9157234947
942616719,الهه,ايمان,9152360871
948197462,الينا,ايما,9159669183
948983647,اميد,ايليار,9154663780
945959414,امير,ايلناز,9155242268
944391964,اميرحافظ,ايلماز,9159324208
944702831,اميرحسين,ايلانا,9153668134
943339425,اميررضا,ايلار,9159284501
943767484,اميرعباس,ايلا,9156383636
945542836,اميرعلي,ايشا,9157525698
942956352,اميرمحمد,ايزدچهر,9158546121
942503953,اميرمهدي,ايرج,9153083047
947581524,امين,ايرانه,9157972032
943458547,ايليا,ايرانمهر,9154259780
947891142,آتنا,ايرانشيد,9151930072
944799588,آرتين,ايراندخت,9159045136
948389030,آرزو,ايران ناز,9151965813
948570736,آرش,ايران,9155569261
947010057,آرمان,ايدا,9158229509
943692865,آرمين,ايثار,9154797360
946352978,آريا,اياز,9155486580
946420506,آرين,اويتا,9157374131
944899129,آوا,اوحد,9158162642
941458867,آيدا,انيسه,9155403952
949130452,آيلين,انيسا,9157791801
948657427,آيناز,انيس,9158194713
946951983,باران,انيتا,9155867324
949128909,بنيامين,انوشيروان,9156942062
946781127,بهار,انوشروان,9154884633
949200810,بهاره,انوشا,9155347617
947567747,بيتا,انوش,9156851720
948179531,پارسا,انگبين,9158442543
941983493,پرهام,انگاره,9154838461
944823611,پريا,انسيه,9151831685
946601188,پريسا,انديشه,9156009529
949537553,پوريا,انارگل,9151646060
946444273,پويا,انار,9155320049
943325164,تينا,امينه,9157286239
943848460,ثنا,امينا,9154478420
948880057,جواد,امين دخت,9153153102
943179836,حامد,امين الله,9158986757
945390090,حانيه,امين الدين,9159582556
945836510,حديث,اميره,9154039310
946865794,حديثه,اميرنظام,9155296282
948508170,حسام,اميركسري,9154879104
945401473,حسن,اميرطاها,9153120814
944189494,حسين,اميردخت,9155829646
949828141,حميدرضا,اميرپارسا,9154174363
942292447,حنانه,امير ارسلان,9158623213
945495801,دانيال,اميدوار,9156936538
947536850,درسا,امانه,9152129385
947081601,دينا,اماندا,9158574481
947157575,راضيه,امان الله,9159251398
949999796,رضا,امان,9157356528
947169042,رقيه,ام البنين,9152104903
948968023,رها,الياس,9154061540
947044012,ريحانه,الوند,9152306447
946912121,زهرا,المينا,9152374455
941434026,زهره,الميرا,9159043706
949014569,زينب,الماس,9152927406
942196563,سارا,اللهيار,9155027039
948459293,سارينا,البرز,9154630137
949903616,سبحان,الاهه,9152491419
941866430,ستايش,اكرم,9153570599
947122991,سجاد,اكبر,9157241289
942929776,سحر,اقليميا,9152978750
941245489,سعيد,اقليما,9154406965
945978458,سميرا,اقدس,9157548453
949591689,سميه,اقبال,9155631405
946337018,سوگند,اقاقيا,9156004759
945551855,سهيل,افضل الدين,9155054679
943613072,سينا,افضل,9155042078
947360518,شايان,افشين,9158729810
946888717,شقايق,افشان,9155319177
946958385,شيدا,افشار,9157246368
945539534,شيوا,افروغ,9158569939
943431271,صبا,افروز,9157159063
948122634,طاها,افراسياب,9156607440
944527032,عاطفه,افرا,9157449979
944017207,عباس,اعلا,9153921458
948492837,عرشيا,اعظم,9151503529
948241927,عرفان,اعتماد,9153037539
947367005,عسل,اطهر,9157779896
941782601,علي,اطلس,9152215763
943687611,علي اصغر,اصلان,9151263825
947445573,علي اكبر,اصغر,9156180558
949113873,عليرضا,اشك ناز,9159516905
948211844,غزل,اشعيا,9155260652
945844963,فاطمه,اشرف الدين,9156675989
948202810,فاطمه زهرا,اشرف,9157408838
941148530,فاطيما,اشراق,9156534687
945815277,فائزه,اسمعيل,9158854781
942213627,فرشته,اسماعيل,9159880722
945631708,كوثر,اسلام,9158082719
945593192,كيان,اسكندر,9156222506
942640560,كيانا,اسفنديار,9155632132
946367543,كيميا,اسدالله,9159712816
942262640,ليلا,اسدالدين,9159221201
944930571,ماني,اسد,9154099848
942862049,ماهان,اسحق,9156667641
942948255,مائده,اسحاق,9152602332
945146290,مبين,اسامه,9152829779
943171954,مبينا,اريحا,9156053879
949903769,متين,اريا,9153894872
945117913,مجتبي,اروين,9157211421
948483303,محدثه,اروند,9151658155
941896041,محسن,اروشه,9155473986
943672204,محمد,اروشا,9157081542
941492122,محمدامين,اروس,9153259790
945795379,محمدپارسا,ارنوش,9156713420
947749698,محمدجواد,ارنواز,9158772296
948524802,محمدحسين,ارناز,9159077417
945823258,محمدرضا,ارمين,9151913723
945051882,محمدطاها,ارميس,9154371307
945131622,محمدعلي,ارميتا,9156800145
943939898,محمدمتين,ارميا,9155459802
947139381,محمدمهدي,ارمغان,9151696129
943528384,محمدياسين,ارم,9156342224
947721323,محيا,اركيده,9155256409
942000215,مرتضي,ارغوان,9156153205
945219448,مرضيه,ارغنون,9151516725
948209073,مريم,ارشيدا,9159764165
946720989,مصطفي,ارشيا,9154139462
949523707,معصومه,ارشام,9156723234
942169521,مليكا,ارشاسب,9155562298
947431784,مهدي,ارشاد,9159454465
943274699,مهديس,ارش,9154154354
948530183,مهديه,ارسلان,9159873927
944523116,مهران,ارسطو,9156043909
941879256,مهسا,ارژنگ,9155454827
947016172,مهشيد,اردلان,9157402500
947917211,مهلا,اردشير,9154910798
941393360,ميلاد,ارجمند,9156887565
944275281,مينا,ارتين,9152370882
947460609,نازنين,اديب,9151418616
941673244,نازنين زهرا,ادهم,9157814045
945394806,ندا,ادريس,9153810146
944852708,نرجس,احسان الله,9151828524
942521622,نرجس,اختر,9157829231
945406333,نرگس,احد,9156360340
949806781,نسترن,احتشام,9156371226
946129087,نگار,احترام,9152366074
942288227,نگين,ابومسلم,9157382160
943203412,نيايش,ابوطالب,9152864138
942349603,نيلوفر,ابوذر,9153877936
949448795,نيما,ابوالقاسم,9159502572
947278397,هادي,ابوالفرج,9154522242
946516055,هانيه,ابوالفتح,9153781888
942237009,هستي,ابوالعلا,9152448877
943083015,هليا,ابوالعباس,9159439446
944614752,ياسمن,ابوالحسين,9156553147
947052591,ياسمين,ابوالحسن,9159285123
946329519,ياسين,ابتين,9156892712
948882984,يسنا,ابتهاج,9158831277
941417149,يگانه,ابتسام,9154688065
949740021,يلدا,ابالفضل,9156789162
945276605,يوسف,اباذر,9156952335
944896452,يونس,اُورنگ,9157004213
