CM,Fname,Lname,Tell
943767484,اميرعباس,ايلا,9156383636
945542836,اميرعلي,ايشا,9157525698
942956352,اميرمحمد,ايزدچهر,9158546121
942503953,اميرمهدي,ايرج,9153083047
947581524,امين,ايرانه,9157972032
943458547,ايليا,ايرانمهر,9154259780
947891142,آتنا,ايرانشيد,9151930072
944799588,آرتين,ايراندخت,9159045136
948389030,آرزو,ايران ناز,9151965813
948570736,آرش,ايران,9155569261
947010057,آرمان,ايدا,9158229509
943692865,آرمين,ايثار,9154797360
946352978,آريا,اياز,9155486580
946420506,آرين,اويتا,9157374131
944899129,آوا,اوحد,9158162642
941458867,آيدا,انيسه,9155403952
949130452,آيلين,انيسا,9157791801
948657427,آيناز,انيس,9158194713
946951983,باران,انيتا,9155867324